Name ,Age
 Emma ,26
 Olivia ,32
 Ava ,19
 Isabella ,38
 Sophia ,27
 Mia ,23
 Charlotte ,35
 Amelia ,29
 Harper ,21
 Evelyn ,40
 Abigail ,24
 Emily ,33
 Elizabeth ,42
 Madison ,20
 Sofia ,31
 Avery ,22
 Ella ,36
 Scarlett ,28
 Grace ,30
 Chloe ,18
 Victoria ,39
 Aria ,25
 Aubrey ,34
 Zoey ,17
 Penelope ,37
 Lily ,43
 Lillian ,16
 Addison ,26
 Natalie ,32
 Hannah ,19
 Brooklyn ,38
 Layla ,27
 Eleanor ,23
 Leah ,35
 Hazel ,29
 Violet ,21
 Aurora ,40
 Savannah ,24
 Audrey ,33
 Claire ,42
 Stella ,20
 Maya ,31
 Aaliyah ,22
 Gabriella ,36
 Zoe ,28
 Camila ,30
 Eva ,18
 Jasmine ,39
 Gianna ,25
 Isabelle ,34
 Caroline ,17
 Arianna ,37
 Nova ,43
 Genesis ,16
 Kennedy ,26
 Autumn ,32
 Naomi ,19
 Piper ,38
 Trinity ,27
 Serenity ,23
 Aurora ,35
 Brielle ,29
 Paisley ,21
 Adalyn ,40
 Ariana ,24
 Aubree ,33
 Freya ,42
 Olive ,20
 Harmony ,31
 Callie ,22
 Everly ,36
 Emilia ,28
 Madelyn ,30
 Skye ,18
 Lucia ,39
 Juliana ,25
 Dahlia ,34
 Molly ,17
 Maria ,37
 Paisley ,43
 Giselle ,16
 Penelope ,26
 Daphne ,32
 Liliana ,19
 Lydia ,38
 Joanna ,27
 Clara ,23
 Diana ,35
 Georgia ,29
 Celeste ,21
 Harlow ,40
 Elaina ,24
 Marley ,33
 Josie ,42
 Aspen ,20
 Sabrina ,31
 Marianna ,22
 Esmeralda ,36
 Kira ,28
 Malia ,58
